<?xml version="1.0" encoding="utf-8" ?> 
<doc>
	<FileHelperAsyncEngine>
		<summary>
			<para><b>One of the main classes of the library.</b></para>
			<para>This engine is responsible to Read/Write the records <b>One by One</b> from/to files or streams.</para>
		</summary>
		<remarks>
		 <para>You can set the <see cref="ErrorManager.ErrorMode"/> of this class to find
			 out when there is an error. Retrieve them with the <see cref="ErrorManager.Errors"/>
			 property.</para>
		 <para>See in the <a href="http://www.filehelpers.net/diagrams/">Class Diagram</a> and in the
			<a href="http://www.filehelpers.net/quickstart/">Quick Start Guide</a> for more Info.</para>
		 <para>Or you can browse the <a href="http://www.filehelpers.net/examples/">Examples Section</a> for more code.</para>
		</remarks>
		<seealso href="http://www.filehelpers.net/quickstart/">Quick Start Guide</seealso>
		<seealso href="http://www.filehelpers.net/diagrams/">Class Diagram</seealso>
		<seealso href="http://www.filehelpers.net/examples/">Examples of Use</seealso>
		<seealso href="http://www.filehelpers.net/attributes/">Attributes List</seealso>
	</FileHelperAsyncEngine>

	<FileHelperAsyncEngineCtr>
		<summary>
			 Initializes a new instance of the FileHelperAsyncEngine class with the specified type of records.
		</summary>
		<param name="recordType">Type of object to be handled.</param>
	</FileHelperAsyncEngineCtr>


	<FileHelperAsyncEngineCtrG>
		<summary>
			 Initializes a new instance of the FileHelperAsyncEngine class with the specified type of records.
		</summary>
	</FileHelperAsyncEngineCtrG>


	<LastRecord>
		<summary>Contains the last Record read by the <see cref="ReadNext" /> method.</summary>
		<include file='Examples.xml' path='doc/examples/ReadAsync/*'/>
	</LastRecord>

	<BeginReadFile>
		<summary>
		Open a specified file and seek to the first record.
		</summary>
		<remarks>
		<para>This method only opens the file.</para>
		<para>To read record by record use the <b><see cref="ReadNext" /></b> method.</para>
		<para>When you stop reading the file you must call <b><see cref="Close" /></b> method.</para>
		</remarks>
		<param name="fileName">The file path to be read.</param>
		<returns>True if the file is successfully opened. False otherwise</returns>
		<include file='Examples.xml' path='doc/examples/ReadAsync/*'/>
	</BeginReadFile>

	<BeginReadStream>
		<summary>
		Open a specified stream and seek to the first record.
		</summary>
		<remarks>
		<para>This method only seeks to the first record.</para>
		<para>To read record by record use <b><see cref="ReadNext" /></b> method.</para>
		<para>When you stop reading the file you must call <b><see cref="Close" /></b> method.</para>
		</remarks>
		<param name="reader">The TextReader of the stream.</param>
		<include file='Examples.xml' path='doc/examples/ReadAsync/*'/>
	</BeginReadStream>

	<ReadNext>
		<summary>
			Reads the next record of a file.
    </summary>
		<remarks>
		<para>This method returns the current record and moves to the next.</para>
		<para>If the end of file is reached this method return <b>null</b>.</para>
  	    </remarks>
		<returns>The current record of the opened file.</returns>
		<include file='Examples.xml' path='doc/examples/ReadAsync/*'/>
	</ReadNext>

	<ReadNexts>
		<summary>
			Reads the specified number of records from a file or stream opened before.
		</summary>
		<remarks>
		If there are less records than requested in the source, the file will be read to the end.
  	    </remarks>
	    <param name="numberOfRecords">
		    The number of records to read. If there are less records than requested in the
		    source, the file will be read to the end.
	    </param>
		<returns>The next records of the opened file or stream.</returns>
	</ReadNexts>

	<Close>
		<summary>
			Close all opened stream readers and writers (if any).
		</summary>
		<remarks>
		<para>This method must be called when you finish processing a file to dispose of the opened streams.</para>
  	    </remarks>
		<include file='Examples.xml' path='doc/examples/ReadAsync/*'/>
	</Close>


	<BeginAppendToFile>
		<summary>
		Open a file to Append to the end.
		</summary>
		<remarks>
		<para>This method open and seek ends the file.</para>
		<para>When you finish appending to the file you must call <b><see cref="Close" /></b> method.</para>
		</remarks>
		<param name="fileName">The file path to be opened to write at the end.</param>
	</BeginAppendToFile>

	<BeginWriteFile>
		<summary>
			Open a file to write it.
			If the file exists the engine will over write it
		</summary>
		<remarks>
			<para>When you finish writing to the file you must call
			       the <b><see cref="Close" /></b> method.</para>
		</remarks>
		<param name="fileName">The file path to be opened for write.</param>
		<include file='Examples.xml' path='doc/examples/WriteAsync/*'/>
	</BeginWriteFile>

	<BeginWriteStream>
		<summary>
		  Set the stream to be used in the <see cref="WriteNext" /> operation.
		</summary>
		<remarks>
		<para>When you finished writing to the file you must call 
				the <b><see cref="Close" /></b> method.</para>
		</remarks>
		<param name="writer">To stream to writes to.</param>
		<include file='Examples.xml' path='doc/examples/WriteAsync/*'/>
	</BeginWriteStream>

	<WriteNext>
		<summary>
			Write the next record to a file or stream opened.
		</summary>
		<param name="record">The record to write.</param>
		<include file='Examples.xml' path='doc/examples/WriteAsync/*'/>
	</WriteNext>

	<WriteNexts>
		<summary>
			Write the next records to a file or stream opened.
		</summary>
		<param name="records">The records to write (Can be an array, ArrayList, etc)</param>
	</WriteNexts>

</doc>
