<?xml version="1.0" encoding="utf-8"?>
<!-- https://learn.microsoft.com/en-us/dotnet/fundamentals/package-validation/diagnostic-ids -->
<Suppressions xmlns:xsi="http://www.w3.org/2001/XMLSchema-instance" xmlns:xsd="http://www.w3.org/2001/XMLSchema">
  <Suppression>
    <DiagnosticId>CP0001</DiagnosticId>
    <Target>T:MoreLinq.Experimental.AwaitQueryOptions</Target>
    <Left>lib/net451/MoreLinq.dll</Left>
    <Right>lib/netstandard1.0/MoreLinq.dll</Right>
    <IsBaselineSuppression>true</IsBaselineSuppression>
  </Suppression>
  <Suppression>
    <DiagnosticId>CP0001</DiagnosticId>
    <Target>T:MoreLinq.Experimental.IAwaitQuery`1</Target>
    <Left>lib/net451/MoreLinq.dll</Left>
    <Right>lib/netstandard1.0/MoreLinq.dll</Right>
    <IsBaselineSuppression>true</IsBaselineSuppression>
  </Suppression>
  <Suppression>
    <DiagnosticId>CP0001</DiagnosticId>
    <Target>T:MoreLinq.Extensions.ToDataTableExtension</Target>
    <Left>lib/net451/MoreLinq.dll</Left>
    <Right>lib/netstandard1.0/MoreLinq.dll</Right>
    <IsBaselineSuppression>true</IsBaselineSuppression>
  </Suppression>
  <Suppression>
    <DiagnosticId>CP0002</DiagnosticId>
    <Target>M:MoreLinq.Experimental.ExperimentalEnumerable.AsOrdered``1(MoreLinq.Experimental.IAwaitQuery{``0})</Target>
    <Left>lib/net451/MoreLinq.dll</Left>
    <Right>lib/netstandard1.0/MoreLinq.dll</Right>
    <IsBaselineSuppression>true</IsBaselineSuppression>
  </Suppression>
  <Suppression>
    <DiagnosticId>CP0002</DiagnosticId>
    <Target>M:MoreLinq.Experimental.ExperimentalEnumerable.AsSequential``1(MoreLinq.Experimental.IAwaitQuery{``0})</Target>
    <Left>lib/net451/MoreLinq.dll</Left>
    <Right>lib/netstandard1.0/MoreLinq.dll</Right>
    <IsBaselineSuppression>true</IsBaselineSuppression>
  </Suppression>
  <Suppression>
    <DiagnosticId>CP0002</DiagnosticId>
    <Target>M:MoreLinq.Experimental.ExperimentalEnumerable.AsUnordered``1(MoreLinq.Experimental.IAwaitQuery{``0})</Target>
    <Left>lib/net451/MoreLinq.dll</Left>
    <Right>lib/netstandard1.0/MoreLinq.dll</Right>
    <IsBaselineSuppression>true</IsBaselineSuppression>
  </Suppression>
  <Suppression>
    <DiagnosticId>CP0002</DiagnosticId>
    <Target>M:MoreLinq.Experimental.ExperimentalEnumerable.Await``1(System.Collections.Generic.IEnumerable{System.Threading.Tasks.Task{``0}})</Target>
    <Left>lib/net451/MoreLinq.dll</Left>
    <Right>lib/netstandard1.0/MoreLinq.dll</Right>
    <IsBaselineSuppression>true</IsBaselineSuppression>
  </Suppression>
  <Suppression>
    <DiagnosticId>CP0002</DiagnosticId>
    <Target>M:MoreLinq.Experimental.ExperimentalEnumerable.Await``2(System.Collections.Generic.IEnumerable{``0},System.Func{``0,System.Threading.CancellationToken,System.Threading.Tasks.Task{``1}})</Target>
    <Left>lib/net451/MoreLinq.dll</Left>
    <Right>lib/netstandard1.0/MoreLinq.dll</Right>
    <IsBaselineSuppression>true</IsBaselineSuppression>
  </Suppression>
  <Suppression>
    <DiagnosticId>CP0002</DiagnosticId>
    <Target>M:MoreLinq.Experimental.ExperimentalEnumerable.AwaitCompletion``3(System.Collections.Generic.IEnumerable{``0},System.Func{``0,System.Threading.CancellationToken,System.Threading.Tasks.Task{``1}},System.Func{``0,System.Threading.Tasks.Task{``1},``2})</Target>
    <Left>lib/net451/MoreLinq.dll</Left>
    <Right>lib/netstandard1.0/MoreLinq.dll</Right>
    <IsBaselineSuppression>true</IsBaselineSuppression>
  </Suppression>
  <Suppression>
    <DiagnosticId>CP0002</DiagnosticId>
    <Target>M:MoreLinq.Experimental.ExperimentalEnumerable.MaxConcurrency``1(MoreLinq.Experimental.IAwaitQuery{``0},System.Int32)</Target>
    <Left>lib/net451/MoreLinq.dll</Left>
    <Right>lib/netstandard1.0/MoreLinq.dll</Right>
    <IsBaselineSuppression>true</IsBaselineSuppression>
  </Suppression>
  <Suppression>
    <DiagnosticId>CP0002</DiagnosticId>
    <Target>M:MoreLinq.Experimental.ExperimentalEnumerable.PreserveOrder``1(MoreLinq.Experimental.IAwaitQuery{``0},System.Boolean)</Target>
    <Left>lib/net451/MoreLinq.dll</Left>
    <Right>lib/netstandard1.0/MoreLinq.dll</Right>
    <IsBaselineSuppression>true</IsBaselineSuppression>
  </Suppression>
  <Suppression>
    <DiagnosticId>CP0002</DiagnosticId>
    <Target>M:MoreLinq.Experimental.ExperimentalEnumerable.Scheduler``1(MoreLinq.Experimental.IAwaitQuery{``0},System.Threading.Tasks.TaskScheduler)</Target>
    <Left>lib/net451/MoreLinq.dll</Left>
    <Right>lib/netstandard1.0/MoreLinq.dll</Right>
    <IsBaselineSuppression>true</IsBaselineSuppression>
  </Suppression>
  <Suppression>
    <DiagnosticId>CP0002</DiagnosticId>
    <Target>M:MoreLinq.Experimental.ExperimentalEnumerable.UnboundedConcurrency``1(MoreLinq.Experimental.IAwaitQuery{``0})</Target>
    <Left>lib/net451/MoreLinq.dll</Left>
    <Right>lib/netstandard1.0/MoreLinq.dll</Right>
    <IsBaselineSuppression>true</IsBaselineSuppression>
  </Suppression>
  <Suppression>
    <DiagnosticId>CP0002</DiagnosticId>
    <Target>M:MoreLinq.MoreEnumerable.ToDataTable``1(System.Collections.Generic.IEnumerable{``0},System.Linq.Expressions.Expression{System.Func{``0,System.Object}}[])</Target>
    <Left>lib/net451/MoreLinq.dll</Left>
    <Right>lib/netstandard1.0/MoreLinq.dll</Right>
    <IsBaselineSuppression>true</IsBaselineSuppression>
  </Suppression>
  <Suppression>
    <DiagnosticId>CP0002</DiagnosticId>
    <Target>M:MoreLinq.MoreEnumerable.ToDataTable``1(System.Collections.Generic.IEnumerable{``0})</Target>
    <Left>lib/net451/MoreLinq.dll</Left>
    <Right>lib/netstandard1.0/MoreLinq.dll</Right>
    <IsBaselineSuppression>true</IsBaselineSuppression>
  </Suppression>
  <Suppression>
    <DiagnosticId>CP0002</DiagnosticId>
    <Target>M:MoreLinq.MoreEnumerable.ToDataTable``2(System.Collections.Generic.IEnumerable{``0},``1,System.Linq.Expressions.Expression{System.Func{``0,System.Object}}[])</Target>
    <Left>lib/net451/MoreLinq.dll</Left>
    <Right>lib/netstandard1.0/MoreLinq.dll</Right>
    <IsBaselineSuppression>true</IsBaselineSuppression>
  </Suppression>
  <Suppression>
    <DiagnosticId>CP0002</DiagnosticId>
    <Target>M:MoreLinq.MoreEnumerable.ToDataTable``2(System.Collections.Generic.IEnumerable{``0},``1)</Target>
    <Left>lib/net451/MoreLinq.dll</Left>
    <Right>lib/netstandard1.0/MoreLinq.dll</Right>
    <IsBaselineSuppression>true</IsBaselineSuppression>
  </Suppression>
  <Suppression>
    <DiagnosticId>CP0002</DiagnosticId>
    <Target>M:MoreLinq.SequenceException.#ctor(System.Runtime.Serialization.SerializationInfo,System.Runtime.Serialization.StreamingContext)</Target>
    <Left>lib/net451/MoreLinq.dll</Left>
    <Right>lib/netstandard1.0/MoreLinq.dll</Right>
    <IsBaselineSuppression>true</IsBaselineSuppression>
  </Suppression>
</Suppressions>
