<?xml version="1.0" encoding="utf-8" ?> 
<doc>
<examples>

	<FileHelperEngine>
		<example>
			This example shows a simple example of use of the library with a minimum of code:
<code>

	using FileHelpers;
	
	// First declare the record class
		
	[Delimitedrecord("|")]
	public class SampleType
	{
		public string Field1;
		public int    Field2;
	}


	public void ReadExample()
	{
		var engine = new FileHelperEngine&lt;SampleType>());

		var records = engine.ReadFile("source.txt");
		
		// Now "records" array contains all the records in the
		// sourcefile and can be acceded like this:
		
		int sum = records[0].Field2 + records[1].Field2;
	}

	
	public void WriteExample()
	{
		var engine = new FileHelperEngine&lt;SampleType>();
		
		SampleType[] records = new SampleType[1];

		records[0] = new SampleType();

		records[0].Field1 = "Hello World";
		records[0].Field2 = 12;

		engine.WriteFile("destination.txt", records);
		
		// Now the file contains the created record in this format:
		// 
		// Hello World,12
		
	}


</code>		</example>
	</FileHelperEngine>






	<WriteFile>
		<example>
			This example shows a simple example of use of the library with a minimum of code:
<code>


	using FileHelpers;
	
	// First declare the record class
		
	[Delimitedrecord("|")]
	public class SampleType
	{
		public string Field1;
		public int    Field2;
	}


	public void WriteExample()
	{
		var engine = new FileHelperEngine&lt;SampleType>();
		
		SampleType[] records = new SampleType[1];

		records[0] = new SampleType();

		records[0].Field1 = "Hello World";
		records[0].Field2 = 12;

		engine.WriteFile("destination.txt", records);
		
		// Now the file contains the created record in this format:
		// 
		// Hello World,12
		
	}


		</code>
		</example>
	</WriteFile>



	<AppendFile>
		<example>
			This example shows a simple example of use of the library with a minimum of code:
<code>


	using FileHelpers;
	
	// First declare the record class
		
	[Delimitedrecord("|")]
	public class SampleType
	{
		public string Field1;
		public int    Field2;
	}


	public void AppendExample()
	{
		var engine = new FileHelperEngine&lt;SampleType>();
		
		SampleType[] records = new SampleType[1];

		records[0] = new SampleType();

		records[0].Field1 = "Hello World";
		records[0].Field2 = 12;

		engine.AppendToFile("destination.txt", records);
		
		// Now the file contains have one more record at the end:
		// 
		// Hello World,12
		
	}


		</code>
		</example>
	</AppendFile>


	<ReadFile>
		<example>
			This example shows a simple example of use of the library with a minimum of code:
<code>


	using FileHelpers;
	
	// First declare the record class
		
	[Delimitedrecord("|")]
	public class SampleType
	{
		public string Field1;
		public int    Field2;
	}


	public void ReadExample()
	{
		var engine = new FileHelperEngine&lt;SampleType>();

		var records = engine.ReadFile("source.txt");
		
		// Now "records" array contains all the records in the
		// sourcefile and can be acceded like this:
		
		int sum = records[0].Field2 + records[1].Field2;
	}


		</code>
		</example>
	</ReadFile>






	<FileHelperAsyncEngine>
		<example>
			This example shows a simple example use of the async methods in the FileHelperAsymcEngine:
<code>


	using FileHelpers;
	
	// First declare the record class
		
	[Delimitedrecord("|")]
	public class SampleType
	{
		public string Field1;
		public int    Field2;
	}


	public void ReadExample()
	{
		SampleType record;	

		var engine = new FileHelperAsyncEngine&lt;SampleType>();

	    using(engine.BeginReadFile("source.txt"))
	    {
		    foreach(var record in engine)
		    {
		       // put your code here !!!!
		       Console.WriteLine("Data " + record.Field1 + " , " + record.Field2.ToString());
		    }
	    }
	}

	
	public void WriteExample()
	{
		SampleType record;	

		var engine = new FileHelperAsyncEngine&lt;SampleType>();

	    using(engine.BeginWriteFile("source.txt"))
	    {
		    record.Field1 = "Primer Registro";
		    record.Field2 = 1;
		    engine.WriteNext(record);
		    
		    record.Field1 = "Segundo Registro";
		    record.Field2 = 2;
		    engine.WriteNext(record);
	    }
	}


		</code>
		</example>
	</FileHelperAsyncEngine>

	<WriteAsync>
		<example>
			This example shows a simple example of use of the async methods in the FileHelperAsymcEngine:
<code>


	using FileHelpers;
	
	// First declare the record class
		
	[Delimitedrecord("|")]
	public class SampleType
	{
		public string Field1;
		public int    Field2;
	}


	public void WriteExample()
	{
		SampleType record;	

		var engine = new FileHelperAsyncEngine&lt;SampleType>();

	    using(engine.BeginWriteFile("source.txt"))
	    {
		    record.Field1 = "Primer Registro";
		    record.Field2 = 1;
		    engine.WriteNext(record);
		    
		    record.Field1 = "Segundo Registro";
		    record.Field2 = 2;
		    engine.WriteNext(record);
	    }

	}


		</code>
		</example>
	</WriteAsync>





	<ReadAsync>
		<example>
			This example shows a simple example of use of the async methods in the FileHelperAsymcEngine:
<code>


	using FileHelpers;
	
	// First declare the record class
		
	[Delimitedrecord("|")]
	public class SampleType
	{
		public string Field1;
		public int    Field2;
	}


	public void ReadExample()
	{
		SampleType record;	

		var engine = new FileHelperAsyncEngine&lt;SampleType>();

	    using(engine.BeginReadFile("source.txt"))
	    {
		    foreach(var record in engine)
		    {
		       
		       // put your code here !!!!
		       Console.WriteLine("Data " + record.Field1 + " , " + record.Field2.ToString());
		    
		    }
		}
	}


		</code>
		</example>
	</ReadAsync>

</examples>
</doc>
