﻿<Project>

  <PropertyGroup>
	<DefineConstants>$(DefineConstants);PROVIDER_dynamic;PROVIDER_dynamic_cdecl;PROVIDER_NAME_e_sqlite3</DefineConstants>
  </PropertyGroup>

  <ItemGroup>
	<PackageReference Include="SQLitePCLRaw.lib.e_sqlite3" Version="$(version)" />
	<ProjectReference Include="..\SQLitePCLRaw.provider.dynamic_cdecl\SQLitePCLRaw.provider.dynamic_cdecl.csproj" />
  </ItemGroup>

  <ItemGroup>
    <Compile Include="..\..\src\common\nativelibrary_defines.cs" />
    <Compile Include="..\..\src\common\nativelibrary_for_netstandard2.cs" />
  </ItemGroup>

</Project>

